Teljestmény,,1.95,,1.65,,1.25,,1.04,,1.00,,1.09,,1.33,,1.72,,4.00,1600,23,Watt,
Ár,,,1.62,,1.45,,1.19,,1.03,,1.00,,1.04,,1.25,,1.48,1.00,400,,400,
Számla,Tető,,,,,,,,,,,,,,,,,,,,,
37.56,,Észak,,Észak-kelet,,Kelet,,Dél-kelet,,Dél,,Dél-nyugat,,Nyugat,,Észak-nyugat,,,CO2 csökkentés,Fa CO2 megkötés,,
,,kWp,Ár,kWp,Ár,kWp,Ár,kWp,Ár,kWp,Ár,kWp,Ár,kWp,Ár,kWp,Ár,,,,,
6000,ferde,3.31,"1,660,667 Ft",2.8,"1,155,132 Ft",2.11,"1,380,253 Ft",1.76,"1,145,241 Ft",1.69,"1,145,241 Ft",1.85,"1,145,241 Ft",2.25,"1,254,775 Ft",2.91,"1,551,132 Ft",,676,10,,
159.7,lapos,3.31,"1,810,127 Ft",2.8,"1,690,734 Ft",2.11,"1,254,775 Ft",1.76,"1,248,313 Ft",1.69,"1,248,313 Ft",1.76,"1,248,313 Ft",1.76,"1,367,705 Ft",1.76,"1,690,734 Ft",,676,10,,
1917,földön,3.31,"1,826,734 Ft",2.8,"1,706,245 Ft",2.11,"1,380,253 Ft",1.76,"1,259,765 Ft",1.69,"1,259,765 Ft",1.76,"1,259,765 Ft",1.76,"1,380,253 Ft",1.76,"1,706,245 Ft",,676,10,,
6500,ferde,3.58,"1,850,854 Ft",3.03,"1,661,720 Ft",2.28,"1,362,432 Ft",1.91,"1,183,010 Ft",1.83,"1,145,241 Ft",2.00,"1,194,872 Ft",2.44,"1,427,105 Ft",3.14,"1,695,278 Ft",,732,11,,
173.1,lapos,3.58,"2,017,431 Ft",3.03,"1,811,275 Ft",2.28,"1,485,051 Ft",1.91,"1,289,481 Ft",1.83,"1,248,313 Ft",2.00,"1,302,411 Ft",2.44,"1,555,545 Ft",3.14,"1,847,853 Ft",,732,11,,
2077,földön,3.58,"2,035,939 Ft",3.03,"1,827,892 Ft",2.28,"1,498,675 Ft",1.91,"1,301,310 Ft",1.83,"1,259,765 Ft",2.00,"1,314,359 Ft",2.44,"1,569,815 Ft",3.14,"1,864,806 Ft",,732,11,,
7000,ferde,3.93,"1,850,854 Ft",3.33,"1,661,720 Ft",2.50,"1,362,432 Ft",2.10,"1,183,010 Ft",2.01,"1,145,241 Ft",2.20,"1,194,872 Ft",2.67,"1,427,105 Ft",3.45,"1,695,278 Ft",,804,12,,
186.4,lapos,3.93,"2,017,431 Ft",3.33,"1,811,275 Ft",2.50,"1,485,051 Ft",2.10,"1,289,481 Ft",2.01,"1,248,313 Ft",2.20,"1,302,411 Ft",2.67,"1,555,545 Ft",3.45,"1,847,853 Ft",,804,12,,
2236,földön,3.93,"2,035,939 Ft",3.33,"1,827,892 Ft",2.50,"1,498,675 Ft",2.10,"1,301,310 Ft",2.01,"1,259,765 Ft",2.20,"1,314,359 Ft",2.67,"1,569,815 Ft",3.45,"1,864,806 Ft",,804,12,,
7500,ferde,4.14,"2,027,874 Ft",3.51,"1,879,734 Ft",2.64,"1,551,132 Ft",2.21,"1,254,775 Ft",2.12,"1,254,775 Ft",2.32,"1,254,775 Ft",2.82,"1,551,132 Ft",3.64,"1,879,734 Ft",,848,12,,
199.7,lapos,4.14,"2,210,384 Ft",3.51,"2,048,910 Ft",2.64,"1,690,734 Ft",2.21,"1,367,705 Ft",2.12,"1,367,705 Ft",2.32,"1,367,705 Ft",2.82,"1,690,734 Ft",3.64,"2,048,910 Ft",,848,12,,
2396,földön,4.14,"2,230,663 Ft",3.51,"2,067,707 Ft",2.64,"1,706,245 Ft",2.21,"1,380,253 Ft",2.12,"1,380,253 Ft",2.32,"1,380,253 Ft",2.82,"1,706,245 Ft",3.64,"2,067,707 Ft",,848,12,,
8000,ferde,4.42,"2,027,874 Ft",3.74,"1,820,652 Ft",2.82,"1,492,738 Ft",2.36,"1,296,156 Ft",2.26,"1,254,775 Ft",2.47,"1,309,153 Ft",3.01,"1,563,597 Ft",3.88,"1,857,419 Ft",,904,13,,
213.0,lapos,4.42,"2,210,384 Ft",3.74,"1,984,511 Ft",2.82,"1,627,085 Ft",2.36,"1,412,810 Ft",2.26,"1,367,705 Ft",2.47,"1,426,977 Ft",3.01,"1,704,321 Ft",3.88,"2,024,587 Ft",,904,13,,
2556,földön,4.42,"2,230,663 Ft",3.74,"2,002,717 Ft",2.82,"1,642,013 Ft",2.36,"1,425,772 Ft",2.26,"1,380,253 Ft",2.47,"1,440,069 Ft",3.01,"1,719,957 Ft",3.88,"2,043,162 Ft",,904,13,,
8500,ferde,4.70,"2,506,825 Ft",3.98,"2,250,659 Ft",3.00,"1,845,298 Ft",2.51,"1,602,286 Ft",2.40,"1,551,132 Ft",2.63,"1,618,353 Ft",3.20,"1,932,893 Ft",4.13,"2,296,111 Ft",,961.6,14,,
226.3,lapos,4.70,"2,732,439 Ft",3.98,"2,453,219 Ft",3.00,"2,011,375 Ft",2.51,"1,746,492 Ft",2.40,"1,690,734 Ft",2.63,"1,764,005 Ft",3.20,"2,106,853 Ft",4.13,"2,502,761 Ft",,961.6,14,,
2716,földön,4.70,"2,757,507 Ft",3.98,"2,475,725 Ft",3.00,"2,029,828 Ft",2.51,"1,762,515 Ft",2.40,"1,706,245 Ft",2.63,"1,780,188 Ft",3.20,"2,126,182 Ft",4.13,"2,525,721 Ft",,961.6,14,,
9000,ferde,4.96,"2,506,825 Ft",4.20,"2,250,659 Ft",3.17,"1,845,298 Ft",2.65,"1,602,286 Ft",2.54,"1,551,132 Ft",2.77,"1,618,353 Ft",3.38,"1,932,893 Ft",4.36,"2,296,111 Ft",,1016,15,,
239.6,lapos,4.96,"2,732,439 Ft",4.20,"2,453,219 Ft",3.17,"2,011,375 Ft",2.65,"1,746,492 Ft",2.54,"1,690,734 Ft",2.77,"1,764,005 Ft",3.38,"2,106,853 Ft",4.36,"2,502,761 Ft",,1016,15,,
2875,földön,4.96,"2,757,507 Ft",4.20,"2,475,725 Ft",3.17,"2,029,828 Ft",2.65,"1,762,515 Ft",2.54,"1,706,245 Ft",2.77,"1,780,188 Ft",3.38,"2,126,182 Ft",4.36,"2,525,721 Ft",,1016,15,,
9500,ferde,5.24,"2,506,825 Ft",4.43,"2,250,659 Ft",3.34,"1,845,298 Ft",2.79,"1,602,286 Ft",2.68,"1,551,132 Ft",2.93,"1,618,353 Ft",3.57,"1,932,893 Ft",4.60,"2,296,111 Ft",,1072,15,,
252.9,lapos,5.24,"2,732,439 Ft",4.43,"2,453,219 Ft",3.34,"2,011,375 Ft",2.79,"1,746,492 Ft",2.68,"1,690,734 Ft",2.93,"1,764,005 Ft",3.57,"2,106,853 Ft",4.60,"2,502,761 Ft",,1072,15,,
3035,földön,5.24,"2,757,507 Ft",4.43,"2,475,725 Ft",3.34,"2,029,828 Ft",2.79,"1,762,515 Ft",2.68,"1,706,245 Ft",2.93,"1,780,188 Ft",3.57,"2,126,182 Ft",4.60,"2,525,721 Ft",,1072,15,,
10000,ferde,5.24,"2,506,825 Ft",4.43,"2,250,659 Ft",3.34,"1,845,298 Ft",2.79,"1,602,286 Ft",2.68,"1,551,132 Ft",2.93,"1,618,353 Ft",3.57,"1,932,893 Ft",4.60,"2,296,111 Ft",,1072,15,,
266.2,lapos,5.24,"2,732,439 Ft",4.43,"2,453,219 Ft",3.34,"2,011,375 Ft",2.79,"1,746,492 Ft",2.68,"1,690,734 Ft",2.93,"1,764,005 Ft",3.57,"2,106,853 Ft",4.60,"2,502,761 Ft",,1072,15,,
3195,földön,5.24,"2,757,507 Ft",4.43,"2,475,725 Ft",3.34,"2,029,828 Ft",2.79,"1,762,515 Ft",2.68,"1,706,245 Ft",2.93,"1,780,188 Ft",3.57,"2,126,182 Ft",4.60,"2,525,721 Ft",,1072,15,,
10500,ferde,5.79,"2,506,825 Ft",4.90,"2,250,659 Ft",3.69,"1,845,298 Ft",3.09,"1,602,286 Ft",2.96,"1,551,132 Ft",3.23,"1,618,353 Ft",3.94,"1,932,893 Ft",5.09,"2,296,111 Ft",,1184,17,,
279.6,lapos,5.79,"2,732,439 Ft",4.90,"2,453,219 Ft",3.69,"2,011,375 Ft",3.09,"1,746,492 Ft",2.96,"1,690,734 Ft",3.23,"1,764,005 Ft",3.94,"2,106,853 Ft",5.09,"2,502,761 Ft",,1184,17,,
3355,földön,5.79,"2,757,507 Ft",4.90,"2,475,725 Ft",3.69,"2,029,828 Ft",3.09,"1,762,515 Ft",2.96,"1,706,245 Ft",3.23,"1,780,188 Ft",3.94,"2,126,182 Ft",5.09,"2,525,721 Ft",,1184,17,,
11000,ferde,6.06,"2,683,847 Ft",5.13,"2,409,592 Ft",3.86,"1,975,606 Ft",3.23,"1,715,434 Ft",3.10,"1,660,667 Ft",3.39,"1,732,635 Ft",4.13,"2,069,386 Ft",5.33,"2,458,253 Ft",,1240,18,,
292.9,lapos,6.06,"2,925,393 Ft",5.13,"2,626,455 Ft",3.86,"2,153,411 Ft",3.23,"1,869,823 Ft",3.10,"1,810,127 Ft",3.39,"1,888,572 Ft",4.13,"2,255,631 Ft",5.33,"2,679,496 Ft",,1240,18,,
3514,földön,6.06,"2,952,232 Ft",5.13,"2,650,552 Ft",3.86,"2,173,167 Ft",3.23,"1,886,977 Ft",3.10,"1,826,734 Ft",3.39,"1,905,899 Ft",4.13,"2,276,325 Ft",5.33,"2,704,079 Ft",,1240,18,,
10500,ferde,6.35,"2,683,847 Ft",5.38,"2,409,592 Ft",4.05,"1,975,606 Ft",3.39,"1,715,434 Ft",3.25,"1,660,667 Ft",3.55,"1,732,635 Ft",4.33,"2,069,386 Ft",5.58,"2,458,253 Ft",,1300,19,,
279.6,lapos,6.35,"2,925,393 Ft",5.38,"2,626,455 Ft",4.05,"2,153,411 Ft",3.39,"1,869,823 Ft",3.25,"1,810,127 Ft",3.55,"1,888,572 Ft",4.33,"2,255,631 Ft",5.58,"2,679,496 Ft",,1300,19,,
3355,földön,6.35,"2,952,232 Ft",5.38,"2,650,552 Ft",4.05,"2,173,167 Ft",3.39,"1,886,977 Ft",3.25,"1,826,734 Ft",3.55,"1,905,899 Ft",4.33,"2,276,325 Ft",5.58,"2,704,079 Ft",,1300,19,,
12000,ferde,6.63,"2,683,847 Ft",5.61,"2,409,592 Ft",4.22,"1,975,606 Ft",3.53,"1,715,434 Ft",3.39,"1,660,667 Ft",3.70,"1,732,635 Ft",4.51,"2,069,386 Ft",5.82,"2,458,253 Ft",,1356,19,,
319.5,lapos,6.63,"2,925,393 Ft",5.61,"2,626,455 Ft",4.22,"2,153,411 Ft",3.53,"1,869,823 Ft",3.39,"1,810,127 Ft",3.70,"1,888,572 Ft",4.51,"2,255,631 Ft",5.82,"2,679,496 Ft",,1356,19,,
3834,földön,6.63,"2,952,232 Ft",5.61,"2,650,552 Ft",4.22,"2,173,167 Ft",3.53,"1,886,977 Ft",3.39,"1,826,734 Ft",3.70,"1,905,899 Ft",4.51,"2,276,325 Ft",5.82,"2,704,079 Ft",,1356,19,,
12500,ferde,6.90,"3,037,887 Ft",5.84,"2,727,454 Ft",4.40,"2,236,219 Ft",3.68,"1,941,725 Ft",3.53,"1,879,734 Ft",3.86,"1,961,196 Ft",4.70,"2,342,369 Ft",6.07,"2,782,534 Ft",,1412,20,,
332.8,lapos,6.90,"3,311,297 Ft",5.84,"2,972,924 Ft",4.40,"2,437,478 Ft",3.68,"2,116,481 Ft",3.53,"2,048,910 Ft",3.86,"2,137,703 Ft",4.70,"2,553,183 Ft",6.07,"3,032,962 Ft",,1412,20,,
3994,földön,6.90,"3,341,675 Ft",5.84,"3,000,198 Ft",4.40,"2,459,840 Ft",3.68,"2,135,897 Ft",3.53,"2,067,707 Ft",3.86,"2,157,315 Ft",4.70,"2,576,606 Ft",6.07,"3,060,787 Ft",,1412,20,,
13000,ferde,7.17,"3,037,887 Ft",6.07,"2,727,454 Ft",4.57,"2,236,219 Ft",3.83,"1,941,725 Ft",3.67,"1,879,734 Ft",4.01,"1,961,196 Ft",4.88,"2,342,369 Ft",6.31,"2,782,534 Ft",,1468,21,,
346.1,lapos,7.17,"3,311,297 Ft",6.07,"2,972,924 Ft",4.57,"2,437,478 Ft",3.83,"2,116,481 Ft",3.67,"2,048,910 Ft",4.01,"2,137,703 Ft",4.88,"2,553,183 Ft",6.31,"3,032,962 Ft",,1468,21,,
4153,földön,7.17,"3,341,675 Ft",6.07,"3,000,198 Ft",4.57,"2,459,840 Ft",3.83,"2,135,897 Ft",3.67,"2,067,707 Ft",4.01,"2,157,315 Ft",4.88,"2,576,606 Ft",6.31,"3,060,787 Ft",,1468,21,,
13500,ferde,7.45,"3,037,887 Ft",6.30,"2,727,454 Ft",4.75,"2,236,219 Ft",3.97,"1,941,725 Ft",3.81,"1,879,734 Ft",4.16,"1,961,196 Ft",5.07,"2,342,369 Ft",6.55,"2,782,534 Ft",,1524,22,,
359.4,lapos,7.45,"3,311,297 Ft",6.30,"2,972,924 Ft",4.75,"2,437,478 Ft",3.97,"2,116,481 Ft",3.81,"2,048,910 Ft",4.16,"2,137,703 Ft",5.07,"2,553,183 Ft",6.55,"3,032,962 Ft",,1524,22,,
4313,földön,7.45,"3,341,675 Ft",6.30,"3,000,198 Ft",4.75,"2,459,840 Ft",3.97,"2,135,897 Ft",3.81,"2,067,707 Ft",4.16,"2,157,315 Ft",5.07,"2,576,606 Ft",6.55,"3,060,787 Ft",,1524,22,,
14000,ferde,7.72,"3,037,887 Ft",6.53,"2,727,454 Ft",4.92,"2,236,219 Ft",4.12,"1,941,725 Ft",3.95,"1,879,734 Ft",4.32,"1,961,196 Ft",5.26,"2,342,369 Ft",6.79,"2,782,534 Ft",,1580,23,,
372.7,lapos,7.72,"3,311,297 Ft",6.53,"2,972,924 Ft",4.92,"2,437,478 Ft",4.12,"2,116,481 Ft",3.95,"2,048,910 Ft",4.32,"2,137,703 Ft",5.26,"2,553,183 Ft",6.79,"3,032,962 Ft",,1580,23,,
4473,földön,7.72,"3,341,675 Ft",6.53,"3,000,198 Ft",4.92,"2,459,840 Ft",4.12,"2,135,897 Ft",3.95,"2,067,707 Ft",4.32,"2,157,315 Ft",5.26,"2,576,606 Ft",6.79,"3,060,787 Ft",,1580,23,,
14500,ferde,7.99,"3,247,254 Ft",6.77,"2,915,426 Ft",5.10,"2,390,336 Ft",4.26,"2,075,547 Ft",4.09,"2,009,283 Ft",4.47,"2,096,359 Ft",5.44,"2,503,803 Ft",7.03,"2,974,303 Ft",,1636,24,,
386.0,lapos,7.99,"3,539,507 Ft",6.77,"3,177,814 Ft",5.10,"2,605,466 Ft",4.26,"2,262,345 Ft",4.09,"2,190,118 Ft",4.47,"2,285,031 Ft",5.44,"2,729,144 Ft",7.03,"3,241,989 Ft",,1636,24,,
4633,földön,7.99,"3,571,979 Ft",6.77,"3,206,969 Ft",5.10,"2,629,369 Ft",4.26,"2,283,101 Ft",4.09,"2,210,211 Ft",4.47,"2,305,994 Ft",5.44,"2,754,183 Ft",7.03,"3,271,732 Ft",,1636,24,,
15000,ferde,8.27,"3,247,254 Ft",7.00,"2,915,426 Ft",5.27,"2,390,336 Ft",4.41,"2,075,547 Ft",4.23,"2,009,283 Ft",4.62,"2,096,359 Ft",5.63,"2,503,803 Ft",7.27,"2,974,303 Ft",,1692,24,,
399.4,lapos,8.27,"3,539,507 Ft",7.00,"3,177,814 Ft",5.27,"2,605,466 Ft",4.41,"2,262,345 Ft",4.23,"2,190,118 Ft",4.62,"2,285,031 Ft",5.63,"2,729,144 Ft",7.27,"3,241,989 Ft",,1692,24,,
4792,földön,8.27,"3,571,979 Ft",7.00,"3,206,969 Ft",5.27,"2,629,369 Ft",4.41,"2,283,101 Ft",4.23,"2,210,211 Ft",4.62,"2,305,994 Ft",5.63,"2,754,183 Ft",7.27,"3,271,732 Ft",,1692,24,,
15500,ferde,8.54,"3,247,254 Ft",7.23,"2,915,426 Ft",5.45,"2,390,336 Ft",4.56,"2,075,547 Ft",4.37,"2,009,283 Ft",4.77,"2,096,359 Ft",5.82,"2,503,803 Ft",7.51,"2,974,303 Ft",,1748,25,,
412.7,lapos,8.54,"3,539,507 Ft",7.23,"3,177,814 Ft",5.45,"2,605,466 Ft",4.56,"2,262,345 Ft",4.37,"2,190,118 Ft",4.77,"2,285,031 Ft",5.82,"2,729,144 Ft",7.51,"3,241,989 Ft",,1748,25,,
4952,földön,8.54,"3,571,979 Ft",7.23,"3,206,969 Ft",5.45,"2,629,369 Ft",4.56,"2,283,101 Ft",4.37,"2,210,211 Ft",4.77,"2,305,994 Ft",5.82,"2,754,183 Ft",7.51,"3,271,732 Ft",,1748,25,,
16000,ferde,8.82,"3,424,277 Ft",7.46,"3,074,359 Ft",5.62,"2,520,644 Ft",4.70,"2,188,694 Ft",4.51,"2,118,818 Ft",4.93,"2,210,641 Ft",6.00,"2,640,296 Ft",7.75,"3,136,445 Ft",,1804,26,,
426.0,lapos,8.82,"3,732,462 Ft",7.46,"3,351,052 Ft",5.62,"2,747,502 Ft",4.70,"2,385,677 Ft",4.51,"2,309,512 Ft",4.93,"2,409,599 Ft",6.00,"2,877,923 Ft",7.75,"3,418,726 Ft",,1804,26,,
5112,földön,8.82,"3,766,705 Ft",7.46,"3,381,796 Ft",5.62,"2,772,709 Ft",4.70,"2,407,564 Ft",4.51,"2,330,700 Ft",4.93,"2,431,705 Ft",6.00,"2,904,326 Ft",7.75,"3,450,090 Ft",,1804,26,,
16500,ferde,9.11,"3,424,277 Ft",7.71,"3,074,359 Ft",5.81,"2,520,644 Ft",4.86,"2,188,694 Ft",4.66,"2,118,818 Ft",5.09,"2,210,641 Ft",6.20,"2,640,296 Ft",8.01,"3,136,445 Ft",,1864,27,,
439.3,lapos,9.11,"3,732,462 Ft",7.71,"3,351,052 Ft",5.81,"2,747,502 Ft",4.86,"2,385,677 Ft",4.66,"2,309,512 Ft",5.09,"2,409,599 Ft",6.20,"2,877,923 Ft",8.01,"3,418,726 Ft",,1864,27,,
5272,földön,9.11,"3,766,705 Ft",7.71,"3,381,796 Ft",5.81,"2,772,709 Ft",4.86,"2,407,564 Ft",4.66,"2,330,700 Ft",5.09,"2,431,705 Ft",6.20,"2,904,326 Ft",8.01,"3,450,090 Ft",,1864,27,,
17000,ferde,9.39,"3,424,277 Ft",7.95,"3,074,359 Ft",5.99,"2,520,644 Ft",5.01,"2,188,694 Ft",4.80,"2,118,818 Ft",5.25,"2,210,641 Ft",6.39,"2,640,296 Ft",8.25,"3,136,445 Ft",,1921.6,28,,
452.6,lapos,9.39,"3,732,462 Ft",7.95,"3,351,052 Ft",5.99,"2,747,502 Ft",5.01,"2,385,677 Ft",4.80,"2,309,512 Ft",5.25,"2,409,599 Ft",6.39,"2,877,923 Ft",8.25,"3,418,726 Ft",,1920,28,,
5431,földön,9.39,"3,766,705 Ft",7.95,"3,381,796 Ft",5.99,"2,772,709 Ft",5.01,"2,407,564 Ft",4.80,"2,330,700 Ft",5.25,"2,431,705 Ft",6.39,"2,904,326 Ft",8.25,"3,450,090 Ft",,1920,28,,
17500,ferde,9.66,"3,424,277 Ft",8.17,"3,074,359 Ft",6.16,"2,520,644 Ft",5.15,"2,188,694 Ft",4.94,"2,118,818 Ft",5.40,"2,210,641 Ft",6.57,"2,640,296 Ft",8.49,"3,136,445 Ft",,1976,28,,
465.9,lapos,9.66,"3,732,462 Ft",8.17,"3,351,052 Ft",6.16,"2,747,502 Ft",5.15,"2,385,677 Ft",4.94,"2,309,512 Ft",5.40,"2,409,599 Ft",6.57,"2,877,923 Ft",8.49,"3,418,726 Ft",,1976,28,,
5591,földön,9.66,"3,766,705 Ft",8.17,"3,381,796 Ft",6.16,"2,772,709 Ft",5.15,"2,407,564 Ft",4.94,"2,330,700 Ft",5.40,"2,431,705 Ft",6.57,"2,904,326 Ft",8.49,"3,450,090 Ft",,1976,28,,
18000,ferde,9.93,"3,645,507 Ft",8.40,"3,272,982 Ft",6.33,"2,683,494 Ft",5.30,"2,330,097 Ft",5.08,"2,255,707 Ft",5.55,"2,353,462 Ft",6.76,"2,810,876 Ft",8.73,"3,339,079 Ft",,2032,29,,
479.2,lapos,9.93,"3,973,603 Ft",8.40,"3,567,551 Ft",6.33,"2,925,008 Ft",5.30,"2,539,807 Ft",5.08,"2,458,721 Ft",5.55,"2,565,274 Ft",6.76,"3,063,855 Ft",8.73,"3,639,597 Ft",,2032,29,,
5751,földön,9.93,"4,010,058 Ft",8.40,"3,600,281 Ft",6.33,"2,951,843 Ft",5.30,"2,563,107 Ft",5.08,"2,481,278 Ft",5.55,"2,588,808 Ft",6.76,"3,091,964 Ft",8.73,"3,672,988 Ft",,2032,29,,
18500,ferde,10.20,"3,645,507 Ft",8.64,"3,272,982 Ft",6.51,"2,683,494 Ft",5.44,"2,330,097 Ft",5.22,"2,255,707 Ft",5.70,"2,353,462 Ft",6.95,"2,810,876 Ft",8.97,"3,339,079 Ft",,2088,30,,
492.5,lapos,10.20,"3,973,603 Ft",8.64,"3,567,551 Ft",6.51,"2,925,008 Ft",5.44,"2,539,807 Ft",5.22,"2,458,721 Ft",5.70,"2,565,274 Ft",6.95,"3,063,855 Ft",8.97,"3,639,597 Ft",,2088,30,,
5911,földön,10.20,"4,010,058 Ft",8.64,"3,600,281 Ft",6.51,"2,951,843 Ft",5.44,"2,563,107 Ft",5.22,"2,481,278 Ft",5.70,"2,588,808 Ft",6.95,"3,091,964 Ft",8.97,"3,672,988 Ft",,2088,30,,
19000,ferde,10.48,"3,645,507 Ft",8.87,"3,272,982 Ft",6.68,"2,683,494 Ft",5.59,"2,330,097 Ft",5.36,"2,255,707 Ft",5.86,"2,353,462 Ft",7.13,"2,810,876 Ft",9.21,"3,339,079 Ft",,2144,31,,
505.9,lapos,10.48,"3,973,603 Ft",8.87,"3,567,551 Ft",6.68,"2,925,008 Ft",5.59,"2,539,807 Ft",5.36,"2,458,721 Ft",5.86,"2,565,274 Ft",7.13,"3,063,855 Ft",9.21,"3,639,597 Ft",,2144,31,,
6070,földön,10.48,"4,010,058 Ft",8.87,"3,600,281 Ft",6.68,"2,951,843 Ft",5.59,"2,563,107 Ft",5.36,"2,481,278 Ft",5.86,"2,588,808 Ft",7.13,"3,091,964 Ft",9.21,"3,672,988 Ft",,2144,31,,
19500,ferde,10.75,"3,999,547 Ft",9.10,"3,590,844 Ft",6.85,"2,944,106 Ft",5.73,"2,556,389 Ft",5.50,"2,474,774 Ft",6.01,"2,582,023 Ft",7.32,"3,083,859 Ft",9.45,"3,663,360 Ft",,2200,32,,
519.2,lapos,10.75,"4,359,506 Ft",9.10,"3,914,020 Ft",6.85,"3,209,076 Ft",5.73,"2,786,464 Ft",5.50,"2,697,504 Ft",6.01,"2,814,405 Ft",7.32,"3,361,407 Ft",9.45,"3,993,063 Ft",,2200,32,,
6230,földön,10.75,"4,399,501 Ft",9.10,"3,949,928 Ft",6.85,"3,238,516 Ft",5.73,"2,812,027 Ft",5.50,"2,722,251 Ft",6.01,"2,840,224 Ft",7.32,"3,392,245 Ft",9.45,"4,029,695 Ft",,2200,32,,
20000,ferde,11.02,"3,999,547 Ft",9.33,"3,590,844 Ft",7.03,"2,944,106 Ft",5.88,"2,556,389 Ft",5.64,"2,474,774 Ft",6.16,"2,582,023 Ft",7.51,"3,083,859 Ft",9.69,"3,663,360 Ft",,2256,32,,
532.5,lapos,11.02,"4,359,506 Ft",9.33,"3,914,020 Ft",7.03,"3,209,076 Ft",5.88,"2,786,464 Ft",5.64,"2,697,504 Ft",6.16,"2,814,405 Ft",7.51,"3,361,407 Ft",9.69,"3,993,063 Ft",,2256,32,,
6390,földön,11.02,"4,399,501 Ft",9.33,"3,949,928 Ft",7.03,"3,238,516 Ft",5.88,"2,812,027 Ft",5.64,"2,722,251 Ft",6.16,"2,840,224 Ft",7.51,"3,392,245 Ft",9.69,"4,029,695 Ft",,2256,32,,
20500,ferde,11.30,"3,999,547 Ft",9.56,"3,590,844 Ft",7.20,"2,944,106 Ft",6.03,"2,556,389 Ft",5.78,"2,474,774 Ft",6.31,"2,582,023 Ft",7.69,"3,083,859 Ft",9.93,"3,663,360 Ft",,2312,33,,
545.8,lapos,11.30,"4,359,506 Ft",9.56,"3,914,020 Ft",7.20,"3,209,076 Ft",6.03,"2,786,464 Ft",5.78,"2,697,504 Ft",6.31,"2,814,405 Ft",7.69,"3,361,407 Ft",9.93,"3,993,063 Ft",,2312,33,,
6550,földön,11.30,"4,399,501 Ft",9.56,"3,949,928 Ft",7.20,"3,238,516 Ft",6.03,"2,812,027 Ft",5.78,"2,722,251 Ft",6.31,"2,840,224 Ft",7.69,"3,392,245 Ft",9.93,"4,029,695 Ft",,2312,33,,
21000,ferde,11.59,"3,999,547 Ft",9.81,"3,590,844 Ft",7.39,"2,944,106 Ft",6.18,"2,556,389 Ft",5.93,"2,474,774 Ft",6.48,"2,582,023 Ft",7.89,"3,083,859 Ft",10.19,"3,663,360 Ft",,2372,34,,
559.1,lapos,11.59,"4,359,506 Ft",9.81,"3,914,020 Ft",7.39,"3,209,076 Ft",6.18,"2,786,464 Ft",5.93,"2,697,504 Ft",6.48,"2,814,405 Ft",7.89,"3,361,407 Ft",10.19,"3,993,063 Ft",,2372,34,,
6709,földön,11.59,"4,399,501 Ft",9.81,"3,949,928 Ft",7.39,"3,238,516 Ft",6.18,"2,812,027 Ft",5.93,"2,722,251 Ft",6.48,"2,840,224 Ft",7.89,"3,392,245 Ft",10.19,"4,029,695 Ft",,2372,34,,
21500,ferde,11.86,"4,272,539 Ft",10.04,"3,835,940 Ft",7.56,"3,145,058 Ft",6.33,"2,730,878 Ft",6.07,"2,643,692 Ft",6.63,"2,758,261 Ft",8.08,"3,294,351 Ft",10.43,"3,913,406 Ft",,2428,35,,
572.4,lapos,11.86,"4,657,067 Ft",10.04,"4,181,174 Ft",7.56,"3,428,113 Ft",6.33,"2,976,656 Ft",6.07,"2,881,624 Ft",6.63,"3,006,504 Ft",8.08,"3,590,842 Ft",10.43,"4,265,612 Ft",,2428,35,,
6869,földön,11.86,"4,699,793 Ft",10.04,"4,219,534 Ft",7.56,"3,459,564 Ft",6.33,"3,003,965 Ft",6.07,"2,908,061 Ft",6.63,"3,034,087 Ft",8.08,"3,623,786 Ft",10.43,"4,304,746 Ft",,2428,35,,
22000,ferde,12.14,"4,272,539 Ft",10.27,"3,835,940 Ft",7.74,"3,145,058 Ft",6.47,"2,730,878 Ft",6.21,"2,643,692 Ft",6.78,"2,758,261 Ft",8.26,"3,294,351 Ft",10.67,"3,913,406 Ft",,2484,36,,
585.7,lapos,12.14,"4,657,067 Ft",10.27,"4,181,174 Ft",7.74,"3,428,113 Ft",6.47,"2,976,656 Ft",6.21,"2,881,624 Ft",6.78,"3,006,504 Ft",8.26,"3,590,842 Ft",10.67,"4,265,612 Ft",,2484,36,,
7029,földön,12.14,"4,699,793 Ft",10.27,"4,219,534 Ft",7.74,"3,459,564 Ft",6.47,"3,003,965 Ft",6.21,"2,908,061 Ft",6.78,"3,034,087 Ft",8.26,"3,623,786 Ft",10.67,"4,304,746 Ft",,2484,36,,
22500,ferde,12.41,"4,272,539 Ft",10.51,"3,835,940 Ft",7.91,"3,145,058 Ft",6.62,"2,730,878 Ft",6.35,"2,643,692 Ft",6.94,"2,758,261 Ft",8.45,"3,294,351 Ft",10.91,"3,913,406 Ft",,2540,37,,
599.0,lapos,12.41,"4,657,067 Ft",10.51,"4,181,174 Ft",7.91,"3,428,113 Ft",6.62,"2,976,656 Ft",6.35,"2,881,624 Ft",6.94,"3,006,504 Ft",8.45,"3,590,842 Ft",10.91,"4,265,612 Ft",,2540,37,,
7188,földön,12.41,"4,699,793 Ft",10.51,"4,219,534 Ft",7.91,"3,459,564 Ft",6.62,"3,003,965 Ft",6.35,"2,908,061 Ft",6.94,"3,034,087 Ft",8.45,"3,623,786 Ft",10.91,"4,304,746 Ft",,2540,37,,
23000,ferde,12.69,"4,272,539 Ft",10.74,"3,835,940 Ft",8.09,"3,145,058 Ft",6.77,"2,730,878 Ft",6.49,"2,643,692 Ft",7.09,"2,758,261 Ft",8.64,"3,294,351 Ft",11.15,"3,913,406 Ft",,2596,37,,
612.4,lapos,12.69,"4,657,067 Ft",10.74,"4,181,174 Ft",8.09,"3,428,113 Ft",6.77,"2,976,656 Ft",6.49,"2,881,624 Ft",7.09,"3,006,504 Ft",8.64,"3,590,842 Ft",11.15,"4,265,612 Ft",,2596,37,,
7348,földön,12.69,"4,699,793 Ft",10.74,"4,219,534 Ft",8.09,"3,459,564 Ft",6.77,"3,003,965 Ft",6.49,"2,908,061 Ft",7.09,"3,034,087 Ft",8.64,"3,623,786 Ft",11.15,"4,304,746 Ft",,2596,37,,
23500,ferde,12.96,"4,449,558 Ft",10.97,"3,994,870 Ft",8.26,"3,275,364 Ft",6.91,"2,844,023 Ft",6.63,"2,753,225 Ft",7.24,"2,872,541 Ft",8.82,"3,430,842 Ft",11.39,"4,075,545 Ft",,2652,38,,
625.7,lapos,12.96,"4,866,180 Ft",10.97,"4,368,918 Ft",8.26,"3,582,043 Ft",6.91,"3,110,315 Ft",6.63,"3,011,015 Ft",7.24,"3,141,503 Ft",8.82,"3,752,079 Ft",11.39,"4,457,147 Ft",,2652,38,,
7508,földön,12.96,"4,894,515 Ft",10.97,"4,394,358 Ft",8.26,"3,602,901 Ft",6.91,"3,128,426 Ft",6.63,"3,028,548 Ft",7.24,"3,159,795 Ft",8.82,"3,773,927 Ft",11.39,"4,483,101 Ft",,2652,38,,
24000,ferde,13.23,"4,272,539 Ft",11.20,"3,835,940 Ft",8.44,"3,145,058 Ft",7.06,"2,730,878 Ft",6.77,"2,643,692 Ft",7.40,"2,758,261 Ft",9.01,"3,294,351 Ft",11.63,"3,913,406 Ft",,2708,39,,
639.0,lapos,13.23,"4,657,067 Ft",11.20,"4,181,174 Ft",8.44,"3,428,113 Ft",7.06,"2,976,656 Ft",6.77,"2,881,624 Ft",7.40,"3,006,504 Ft",9.01,"3,590,842 Ft",11.63,"4,265,612 Ft",,2708,39,,
7668,földön,13.23,"4,699,793 Ft",11.20,"4,219,534 Ft",8.44,"3,459,564 Ft",7.06,"3,003,965 Ft",6.77,"2,908,061 Ft",7.40,"3,034,087 Ft",9.01,"3,623,786 Ft",11.63,"4,304,746 Ft",,2708,39,,
24500,ferde,13.51,"4,449,558 Ft",11.43,"3,994,870 Ft",8.61,"3,275,364 Ft",7.20,"2,844,023 Ft",6.91,"2,753,225 Ft",7.55,"2,872,541 Ft",9.20,"3,430,842 Ft",11.87,"4,075,545 Ft",,2764,40,,
652.3,lapos,13.51,"4,866,180 Ft",11.43,"4,368,918 Ft",8.61,"3,582,043 Ft",7.20,"3,110,315 Ft",6.91,"3,011,015 Ft",7.55,"3,141,503 Ft",9.20,"3,752,079 Ft",11.87,"4,457,147 Ft",,2764,40,,
7827,földön,13.51,"4,894,515 Ft",11.43,"4,394,358 Ft",8.61,"3,602,901 Ft",7.20,"3,128,426 Ft",6.91,"3,028,548 Ft",7.55,"3,159,795 Ft",9.20,"3,773,927 Ft",11.87,"4,483,101 Ft",,2764,40,,
25000,ferde,13.78,"4,626,579 Ft",11.66,"4,153,802 Ft",8.79,"3,405,671 Ft",7.35,"2,957,169 Ft",7.05,"2,862,759 Ft",7.70,"2,986,822 Ft",9.38,"3,567,334 Ft",12.11,"4,237,687 Ft",,2820,41,,
665.6,lapos,13.78,"5,042,971 Ft",11.66,"4,527,643 Ft",8.79,"3,712,181 Ft",7.35,"3,223,314 Ft",7.05,"3,120,407 Ft",7.70,"3,255,635 Ft",9.38,"3,888,394 Ft",12.11,"4,619,078 Ft",,2820,41,,
7987,földön,13.78,"5,089,237 Ft",11.66,"4,569,182 Ft",8.79,"3,746,238 Ft",7.35,"3,252,886 Ft",7.05,"3,149,035 Ft",7.70,"3,285,504 Ft",9.38,"3,924,068 Ft",12.11,"4,661,455 Ft",,2820,41,,
25500,ferde,14.05,"4,626,579 Ft",11.90,"4,153,802 Ft",8.96,"3,405,671 Ft",7.50,"2,957,169 Ft",7.19,"2,862,759 Ft",7.85,"2,986,822 Ft",9.57,"3,567,334 Ft",12.35,"4,237,687 Ft",,2876,41,,
678.9,lapos,14.05,"5,042,971 Ft",11.90,"4,527,643 Ft",8.96,"3,712,181 Ft",7.50,"3,223,314 Ft",7.19,"3,120,407 Ft",7.85,"3,255,635 Ft",9.57,"3,888,394 Ft",12.35,"4,619,078 Ft",,2876,41,,
18.1,földön,14.05,"5,089,237 Ft",11.90,"4,569,182 Ft",8.96,"3,746,238 Ft",7.50,"3,252,886 Ft",7.19,"3,149,035 Ft",7.85,"3,285,504 Ft",9.57,"3,924,068 Ft",12.35,"4,661,455 Ft",,2876,41,,
217,ferde,14.35,"4,626,579 Ft",12.14,"4,153,802 Ft",9.15,"3,405,671 Ft",7.65,"2,957,169 Ft",7.34,"2,862,759 Ft",8.02,"2,986,822 Ft",9.77,"3,567,334 Ft",12.61,"4,237,687 Ft",,2936,42,,
5.8,lapos,14.35,"5,042,971 Ft",12.14,"4,527,643 Ft",9.15,"3,712,181 Ft",7.65,"3,223,314 Ft",7.34,"3,120,407 Ft",8.02,"3,255,635 Ft",9.77,"3,888,394 Ft",12.61,"4,619,078 Ft",,2936,42,,
69,földön,14.35,"5,089,237 Ft",12.14,"4,569,182 Ft",9.15,"3,746,238 Ft",7.65,"3,252,886 Ft",7.34,"3,149,035 Ft",8.02,"3,285,504 Ft",9.77,"3,924,068 Ft",12.61,"4,661,455 Ft",,2936,42,,
26500,ferde,14.62,"4,626,579 Ft",12.37,"4,153,802 Ft",9.32,"3,405,671 Ft",7.80,"2,957,169 Ft",7.48,"2,862,759 Ft",8.17,"2,986,822 Ft",9.95,"3,567,334 Ft",12.85,"4,237,687 Ft",,2992,43,,
705.5,lapos,14.62,"5,042,971 Ft",12.37,"4,527,643 Ft",9.32,"3,712,181 Ft",7.80,"3,223,314 Ft",7.48,"3,120,407 Ft",8.17,"3,255,635 Ft",9.95,"3,888,394 Ft",12.85,"4,619,078 Ft",,2992,43,,
8466,földön,14.62,"5,089,237 Ft",12.37,"4,569,182 Ft",9.32,"3,746,238 Ft",7.80,"3,252,886 Ft",7.48,"3,149,035 Ft",8.17,"3,285,504 Ft",9.95,"3,924,068 Ft",12.85,"4,661,455 Ft",,2992,43,,
27000,ferde,14.89,"4,889,887 Ft",12.61,"4,390,202 Ft",9.50,"3,599,494 Ft",7.94,"3,125,467 Ft",7.62,"3,025,684 Ft",8.32,"3,156,807 Ft",10.14,"3,770,358 Ft",13.09,"4,478,861 Ft",,3048,44,,
718.8,lapos,14.89,"5,329,977 Ft",12.61,"4,785,321 Ft",9.50,"3,923,449 Ft",7.94,"3,406,760 Ft",7.62,"3,297,996 Ft",8.32,"3,440,920 Ft",10.14,"4,109,691 Ft",13.09,"4,881,959 Ft",,3048,44,,
8626,földön,14.89,"5,378,875 Ft",12.61,"4,829,222 Ft",9.50,"3,959,443 Ft",7.94,"3,438,014 Ft",7.62,"3,328,252 Ft",8.32,"3,472,488 Ft",10.14,"4,147,393 Ft",13.09,"4,926,747 Ft",,3048,44,,
27500,ferde,15.17,"4,889,887 Ft",12.84,"4,390,202 Ft",9.67,"3,599,494 Ft",8.09,"3,125,467 Ft",7.76,"3,025,684 Ft",8.48,"3,156,807 Ft",10.33,"3,770,358 Ft",13.33,"4,478,861 Ft",,3104,45,,
732.2,lapos,15.17,"5,329,977 Ft",12.84,"4,785,321 Ft",9.67,"3,923,449 Ft",8.09,"3,406,760 Ft",7.76,"3,297,996 Ft",8.48,"3,440,920 Ft",10.33,"4,109,691 Ft",13.33,"4,881,959 Ft",,3104,45,,
8786,földön,15.17,"5,378,875 Ft",12.84,"4,829,222 Ft",9.67,"3,959,443 Ft",8.09,"3,438,014 Ft",7.76,"3,328,252 Ft",8.48,"3,472,488 Ft",10.33,"4,147,393 Ft",13.33,"4,926,747 Ft",,3104,45,,
28000,ferde,15.44,"4,889,887 Ft",13.07,"4,390,202 Ft",9.85,"3,599,494 Ft",8.24,"3,125,467 Ft",7.90,"3,025,684 Ft",8.63,"3,156,807 Ft",10.51,"3,770,358 Ft",13.57,"4,478,861 Ft",,3160,45,,
745.5,lapos,15.44,"5,329,977 Ft",13.07,"4,785,321 Ft",9.85,"3,923,449 Ft",8.24,"3,406,760 Ft",7.90,"3,297,996 Ft",8.63,"3,440,920 Ft",10.51,"4,109,691 Ft",13.57,"4,881,959 Ft",,3160,45,,
8946,földön,15.44,"5,378,875 Ft",13.07,"4,829,222 Ft",9.85,"3,959,443 Ft",8.24,"3,438,014 Ft",7.90,"3,328,252 Ft",8.63,"3,472,488 Ft",10.51,"4,147,393 Ft",13.57,"4,926,747 Ft",,3160,45,,
28500,ferde,15.72,"4,889,887 Ft",13.30,"4,390,202 Ft",10.02,"3,599,494 Ft",8.38,"3,125,467 Ft",8.04,"3,025,684 Ft",8.78,"3,156,807 Ft",10.70,"3,770,358 Ft",13.81,"4,478,861 Ft",,3216,46,,
758.8,lapos,15.72,"5,329,977 Ft",13.30,"4,785,321 Ft",10.02,"3,923,449 Ft",8.38,"3,406,760 Ft",8.04,"3,297,996 Ft",8.78,"3,440,920 Ft",10.70,"4,109,691 Ft",13.81,"4,881,959 Ft",,3216,46,,
9105,földön,15.72,"5,378,875 Ft",13.30,"4,829,222 Ft",10.02,"3,959,443 Ft",8.38,"3,438,014 Ft",8.04,"3,328,252 Ft",8.78,"3,472,488 Ft",10.70,"4,147,393 Ft",13.81,"4,926,747 Ft",,3216,46,,
29000,ferde,15.99,"5,232,505 Ft",13.53,"4,697,810 Ft",10.19,"3,851,699 Ft",8.53,"3,344,459 Ft",8.18,"3,237,684 Ft",8.94,"3,377,995 Ft",10.89,"4,034,535 Ft",14.05,"4,792,681 Ft",,3272,47,,
772.1,lapos,15.99,"5,703,431 Ft",13.53,"5,120,613 Ft",10.19,"4,198,352 Ft",8.53,"3,645,461 Ft",8.18,"3,529,076 Ft",8.94,"3,682,015 Ft",10.89,"4,397,643 Ft",14.05,"5,224,023 Ft",,3272,47,,
9265,földön,15.99,"5,755,755 Ft",13.53,"5,167,590 Ft",10.19,"4,236,868 Ft",8.53,"3,678,904 Ft",8.18,"3,561,452 Ft",8.94,"3,715,794 Ft",10.89,"4,437,988 Ft",14.05,"5,271,948 Ft",,3272,47,,
29500,ferde,16.26,"5,232,505 Ft",13.76,"4,697,810 Ft",10.37,"3,851,699 Ft",8.67,"3,344,459 Ft",8.32,"3,237,684 Ft",9.09,"3,377,995 Ft",11.07,"4,034,535 Ft",14.30,"4,792,681 Ft",,3328,48,,
785.4,lapos,16.26,"5,703,431 Ft",13.76,"5,120,613 Ft",10.37,"4,198,352 Ft",8.67,"3,645,461 Ft",8.32,"3,529,076 Ft",9.09,"3,682,015 Ft",11.07,"4,397,643 Ft",14.30,"5,224,023 Ft",,3328,48,,
9425,földön,16.26,"5,755,755 Ft",13.76,"5,167,590 Ft",10.37,"4,236,868 Ft",8.67,"3,678,904 Ft",8.32,"3,561,452 Ft",9.09,"3,715,794 Ft",11.07,"4,437,988 Ft",14.30,"5,271,948 Ft",,3328,48,,
30000,ferde,16.54,"5,232,505 Ft",14.00,"4,697,810 Ft",10.54,"3,851,699 Ft",8.82,"3,344,459 Ft",8.46,"3,237,684 Ft",9.24,"3,377,995 Ft",11.26,"4,034,535 Ft",14.54,"4,792,681 Ft",,3384,49,,
798.7,lapos,16.54,"5,703,431 Ft",14.00,"5,120,613 Ft",10.54,"4,198,352 Ft",8.82,"3,645,461 Ft",8.46,"3,529,076 Ft",9.24,"3,682,015 Ft",11.26,"4,397,643 Ft",14.54,"5,224,023 Ft",,3384,49,,
9585,földön,16.54,"5,755,755 Ft",14.00,"5,167,590 Ft",10.54,"4,236,868 Ft",8.82,"3,678,904 Ft",8.46,"3,561,452 Ft",9.24,"3,715,794 Ft",11.26,"4,437,988 Ft",14.54,"5,271,948 Ft",,3384,49,,
30500,ferde,16.85,"5,404,750 Ft",14.26,"4,852,454 Ft",10.74,"3,978,490 Ft",8.99,"3,454,553 Ft",8.62,"3,344,263 Ft",9.42,"3,489,192 Ft",11.47,"4,167,345 Ft",14.81,"4,950,448 Ft",,3448,50,,
812.0,lapos,16.85,"5,891,178 Ft",14.26,"5,289,175 Ft",10.74,"4,336,555 Ft",8.99,"3,765,463 Ft",8.62,"3,645,247 Ft",9.42,"3,803,220 Ft",11.47,"4,542,406 Ft",14.81,"5,395,988 Ft",,3448,50,,
9744,földön,16.85,"5,945,225 Ft",14.26,"5,337,699 Ft",10.74,"4,376,339 Ft",8.99,"3,800,008 Ft",8.62,"3,678,689 Ft",9.42,"3,838,111 Ft",11.47,"4,584,079 Ft",14.81,"5,445,492 Ft",,3448,50,,
31000,ferde,17.16,"5,404,750 Ft",14.53,"4,852,454 Ft",10.94,"3,978,490 Ft",9.15,"3,454,553 Ft",8.78,"3,344,263 Ft",9.59,"3,489,192 Ft",11.68,"4,167,345 Ft",15.09,"4,950,448 Ft",,3512,50,,
825.3,lapos,17.16,"5,891,178 Ft",14.53,"5,289,175 Ft",10.94,"4,336,555 Ft",9.15,"3,765,463 Ft",8.78,"3,645,247 Ft",9.59,"3,803,220 Ft",11.68,"4,542,406 Ft",15.09,"5,395,988 Ft",,3512,50,,
9904,földön,17.16,"5,945,225 Ft",14.53,"5,337,699 Ft",10.94,"4,376,339 Ft",9.15,"3,800,008 Ft",8.78,"3,678,689 Ft",9.59,"3,838,111 Ft",11.68,"4,584,079 Ft",15.09,"5,445,492 Ft",,3512,50,,
31500,ferde,17.38,"5,404,750 Ft",14.71,"4,852,454 Ft",11.08,"3,978,490 Ft",9.27,"3,454,553 Ft",8.89,"3,344,263 Ft",9.71,"3,489,192 Ft",11.83,"4,167,345 Ft",15.27,"4,950,448 Ft",,3556,51,,
838.7,lapos,17.38,"5,891,178 Ft",14.71,"5,289,175 Ft",11.08,"4,336,555 Ft",9.27,"3,765,463 Ft",8.89,"3,645,247 Ft",9.71,"3,803,220 Ft",11.83,"4,542,406 Ft",15.27,"5,395,988 Ft",,3556,51,,
10064,földön,17.38,"5,945,225 Ft",14.71,"5,337,699 Ft",11.08,"4,376,339 Ft",9.27,"3,800,008 Ft",8.89,"3,678,689 Ft",9.71,"3,838,111 Ft",11.83,"4,584,079 Ft",15.27,"5,445,492 Ft",,3556,51,,
32000,ferde,17.65,"5,576,994 Ft",14.94,"5,007,096 Ft",11.25,"4,105,280 Ft",9.41,"3,564,645 Ft",9.03,"3,450,841 Ft",9.86,"3,600,389 Ft",12.02,"4,300,153 Ft",15.51,"5,108,213 Ft",,3612,52,,
852.0,lapos,17.65,"6,078,924 Ft",14.94,"5,457,735 Ft",11.25,"4,474,756 Ft",9.41,"3,885,464 Ft",9.03,"3,761,417 Ft",9.86,"3,924,424 Ft",12.02,"4,687,168 Ft",15.51,"5,567,953 Ft",,3612,52,,
10224,földön,17.65,"6,134,693 Ft",14.94,"5,507,806 Ft",11.25,"4,515,808 Ft",9.41,"3,921,110 Ft",9.03,"3,795,925 Ft",9.86,"3,960,428 Ft",12.02,"4,730,169 Ft",15.51,"5,619,034 Ft",,3612,52,,
32500,ferde,17.96,"5,404,750 Ft",15.20,"4,852,454 Ft",11.45,"3,978,490 Ft",9.58,"3,454,553 Ft",9.19,"3,344,263 Ft",10.04,"3,489,192 Ft",12.23,"4,167,345 Ft",15.79,"4,950,448 Ft",,3676,53,,
865.3,lapos,17.96,"5,891,178 Ft",15.20,"5,289,175 Ft",11.45,"4,336,555 Ft",9.58,"3,765,463 Ft",9.19,"3,645,247 Ft",10.04,"3,803,220 Ft",12.23,"4,542,406 Ft",15.79,"5,395,988 Ft",,3676,53,,
10383,földön,17.96,"5,945,225 Ft",15.20,"5,337,699 Ft",11.45,"4,376,339 Ft",9.58,"3,800,008 Ft",9.19,"3,678,689 Ft",10.04,"3,838,111 Ft",12.23,"4,584,079 Ft",15.79,"5,445,492 Ft",,3676,53,,
33000,ferde,18.20,"5,576,994 Ft",15.40,"5,007,096 Ft",11.60,"4,105,280 Ft",9.71,"3,564,645 Ft",9.31,"3,450,841 Ft",10.17,"3,600,389 Ft",12.39,"4,300,153 Ft",16.00,"5,108,213 Ft",,3724,54,,
878.6,lapos,18.20,"6,078,924 Ft",15.40,"5,457,735 Ft",11.60,"4,474,756 Ft",9.71,"3,885,464 Ft",9.31,"3,761,417 Ft",10.17,"3,924,424 Ft",12.39,"4,687,168 Ft",16.00,"5,567,953 Ft",,3724,54,,
10543,földön,18.20,"6,134,693 Ft",15.40,"5,507,806 Ft",11.60,"4,515,808 Ft",9.71,"3,921,110 Ft",9.31,"3,795,925 Ft",10.17,"3,960,428 Ft",12.39,"4,730,169 Ft",16.00,"5,619,034 Ft",,3724,54,,
33500,ferde,18.47,"5,576,994 Ft",15.63,"5,007,096 Ft",11.78,"4,105,280 Ft",9.85,"3,564,645 Ft",9.45,"3,450,841 Ft",10.32,"3,600,389 Ft",12.58,"4,300,153 Ft",16.24,"5,108,213 Ft",,3780,54,,
891.9,lapos,18.47,"6,078,924 Ft",15.63,"5,457,735 Ft",11.78,"4,474,756 Ft",9.85,"3,885,464 Ft",9.45,"3,761,417 Ft",10.32,"3,924,424 Ft",12.58,"4,687,168 Ft",16.24,"5,567,953 Ft",,3780,54,,
10703,földön,18.47,"6,134,693 Ft",15.63,"5,507,806 Ft",11.78,"4,515,808 Ft",9.85,"3,921,110 Ft",9.45,"3,795,925 Ft",10.32,"3,960,428 Ft",12.58,"4,730,169 Ft",16.24,"5,619,034 Ft",,3780,54,,
34000,ferde,18.20,"5,576,994 Ft",15.40,"5,007,096 Ft",11.60,"4,105,280 Ft",9.71,"3,564,645 Ft",9.31,"3,450,841 Ft",10.17,"3,600,389 Ft",12.39,"4,300,153 Ft",16.00,"5,108,213 Ft",,3724,54,,
905.2,lapos,18.20,"6,078,924 Ft",15.40,"5,457,735 Ft",11.60,"4,474,756 Ft",9.71,"3,885,464 Ft",9.31,"3,761,417 Ft",10.17,"3,924,424 Ft",12.39,"4,687,168 Ft",16.00,"5,567,953 Ft",,3724,54,,
10863,földön,18.20,"6,134,693 Ft",15.40,"5,507,806 Ft",11.60,"4,515,808 Ft",9.71,"3,921,110 Ft",9.31,"3,795,925 Ft",10.17,"3,960,428 Ft",12.39,"4,730,169 Ft",16.00,"5,619,034 Ft",,3724,54,,
34500,ferde,19.04,"5,921,482 Ft",16.11,"5,316,382 Ft",12.14,"4,358,862 Ft",10.15,"3,784,832 Ft",9.74,"3,663,998 Ft",10.64,"3,822,784 Ft",12.96,"4,565,772 Ft",16.73,"5,423,745 Ft",,3896,56,,
918.5,lapos,19.04,"6,454,416 Ft",16.11,"5,794,857 Ft",12.14,"4,751,159 Ft",10.15,"4,125,467 Ft",9.74,"3,993,758 Ft",10.64,"4,166,834 Ft",12.96,"4,976,692 Ft",16.73,"5,911,882 Ft",,3896,56,,
11022,földön,19.04,"6,513,631 Ft",16.11,"5,848,021 Ft",12.14,"4,794,748 Ft",10.15,"4,163,316 Ft",9.74,"4,030,398 Ft",10.64,"4,205,062 Ft",12.96,"5,022,350 Ft",16.73,"5,966,120 Ft",,3896,56,,
35000,ferde,19.31,"5,921,482 Ft",16.35,"5,316,382 Ft",12.31,"4,358,862 Ft",10.30,"3,784,832 Ft",9.88,"3,663,998 Ft",10.79,"3,822,784 Ft",13.15,"4,565,772 Ft",16.98,"5,423,745 Ft",,3952,57,,
931.8,lapos,19.31,"6,454,416 Ft",16.35,"5,794,857 Ft",12.31,"4,751,159 Ft",10.30,"4,125,467 Ft",9.88,"3,993,758 Ft",10.79,"4,166,834 Ft",13.15,"4,976,692 Ft",16.98,"5,911,882 Ft",,3952,57,,
11182,földön,19.31,"6,513,631 Ft",16.35,"5,848,021 Ft",12.31,"4,794,748 Ft",10.30,"4,163,316 Ft",9.88,"4,030,398 Ft",10.79,"4,205,062 Ft",13.15,"5,022,350 Ft",16.98,"5,966,120 Ft",,3952,57,,
35500,ferde,19.59,"5,921,482 Ft",16.58,"5,316,382 Ft",12.49,"4,358,862 Ft",10.45,"3,784,832 Ft",10.02,"3,663,998 Ft",10.95,"3,822,784 Ft",13.33,"4,565,772 Ft",17.22,"5,423,745 Ft",,4008,58,,
945.2,lapos,19.59,"6,454,416 Ft",16.58,"5,794,857 Ft",12.49,"4,751,159 Ft",10.45,"4,125,467 Ft",10.02,"3,993,758 Ft",10.95,"4,166,834 Ft",13.33,"4,976,692 Ft",17.22,"5,911,882 Ft",,4008,58,,
11342,földön,19.59,"6,513,631 Ft",16.58,"5,848,021 Ft",12.49,"4,794,748 Ft",10.45,"4,163,316 Ft",10.02,"4,030,398 Ft",10.95,"4,205,062 Ft",13.33,"5,022,350 Ft",17.22,"5,966,120 Ft",,4008,58,,
36000,ferde,19.86,"6,257,173 Ft",16.81,"5,617,769 Ft",12.66,"4,605,967 Ft",10.59,"3,999,395 Ft",10.16,"3,871,711 Ft",11.10,"4,039,498 Ft",13.52,"4,824,607 Ft",17.46,"5,731,219 Ft",,4064,58,,
958.5,lapos,19.86,"6,820,318 Ft",16.81,"6,123,369 Ft",12.66,"5,020,504 Ft",10.59,"4,359,341 Ft",10.16,"4,220,165 Ft",11.10,"4,403,053 Ft",13.52,"5,258,822 Ft",17.46,"6,247,028 Ft",,4064,58,,
11502,földön,19.86,"6,882,890 Ft",16.81,"6,179,546 Ft",12.66,"5,066,563 Ft",10.59,"4,399,335 Ft",10.16,"4,258,882 Ft",11.10,"4,443,448 Ft",13.52,"5,307,067 Ft",17.46,"6,304,340 Ft",,4064,58,,
36500,ferde,20.13,"6,257,173 Ft",17.04,"5,617,769 Ft",12.84,"4,605,967 Ft",10.74,"3,999,395 Ft",10.30,"3,871,711 Ft",11.25,"4,039,498 Ft",13.71,"4,824,607 Ft",17.70,"5,731,219 Ft",,4120,59,,
971.8,lapos,20.13,"6,820,318 Ft",17.04,"6,123,369 Ft",12.84,"5,020,504 Ft",10.74,"4,359,341 Ft",10.30,"4,220,165 Ft",11.25,"4,403,053 Ft",13.71,"5,258,822 Ft",17.70,"6,247,028 Ft",,4120,59,,
11661,földön,20.13,"6,882,890 Ft",17.04,"6,179,546 Ft",12.84,"5,066,563 Ft",10.74,"4,399,335 Ft",10.30,"4,258,882 Ft",11.25,"4,443,448 Ft",13.71,"5,307,067 Ft",17.70,"6,304,340 Ft",,4120,59,,
37000,ferde,20.41,"6,257,173 Ft",17.27,"5,617,769 Ft",13.01,"4,605,967 Ft",10.88,"3,999,395 Ft",10.44,"3,871,711 Ft",11.41,"4,039,498 Ft",13.89,"4,824,607 Ft",17.94,"5,731,219 Ft",,4176,60,,
985.1,lapos,20.41,"6,820,318 Ft",17.27,"6,123,369 Ft",13.01,"5,020,504 Ft",10.88,"4,359,341 Ft",10.44,"4,220,165 Ft",11.41,"4,403,053 Ft",13.89,"5,258,822 Ft",17.94,"6,247,028 Ft",,4176,60,,
11821,földön,20.41,"6,882,890 Ft",17.27,"6,179,546 Ft",13.01,"5,066,563 Ft",10.88,"4,399,335 Ft",10.44,"4,258,882 Ft",11.41,"4,443,448 Ft",13.89,"5,307,067 Ft",17.94,"6,304,340 Ft",,4176,60,,
37500,ferde,20.68,"6,429,416 Ft",17.50,"5,772,412 Ft",13.18,"4,732,757 Ft",11.03,"4,109,488 Ft",10.58,"3,978,289 Ft",11.56,"4,150,695 Ft",14.08,"4,957,416 Ft",18.18,"5,888,984 Ft",,4232,61,,
998.4,lapos,20.68,"7,008,064 Ft",17.50,"6,291,929 Ft",13.18,"5,158,705 Ft",11.03,"4,479,342 Ft",10.58,"4,336,335 Ft",11.56,"4,524,258 Ft",14.08,"5,403,583 Ft",18.18,"6,418,992 Ft",,4232,61,,
11981,földön,20.68,"7,072,358 Ft",17.50,"6,349,653 Ft",13.18,"5,206,033 Ft",11.03,"4,520,437 Ft",10.58,"4,376,118 Ft",11.56,"4,565,765 Ft",14.08,"5,453,157 Ft",18.18,"6,477,882 Ft",,4232,61,,
38000,ferde,20.95,"6,429,416 Ft",17.73,"5,772,412 Ft",13.36,"4,732,757 Ft",11.18,"4,109,488 Ft",10.72,"3,978,289 Ft",11.71,"4,150,695 Ft",14.27,"4,957,416 Ft",18.42,"5,888,984 Ft",,4288,62,,
1011.7,lapos,20.95,"7,008,064 Ft",17.73,"6,291,929 Ft",13.36,"5,158,705 Ft",11.18,"4,479,342 Ft",10.72,"4,336,335 Ft",11.71,"4,524,258 Ft",14.27,"5,403,583 Ft",18.42,"6,418,992 Ft",,4288,62,,
12141,földön,20.95,"7,072,358 Ft",17.73,"6,349,653 Ft",13.36,"5,206,033 Ft",11.18,"4,520,437 Ft",10.72,"4,376,118 Ft",11.71,"4,565,765 Ft",14.27,"5,453,157 Ft",18.42,"6,477,882 Ft",,4288,62,,
38500,ferde,21.23,"6,429,416 Ft",17.97,"5,772,412 Ft",13.53,"4,732,757 Ft",11.32,"4,109,488 Ft",10.86,"3,978,289 Ft",11.86,"4,150,695 Ft",14.45,"4,957,416 Ft",18.66,"5,888,984 Ft",,4344,62,,
1025.0,lapos,21.23,"7,008,064 Ft",17.97,"6,291,929 Ft",13.53,"5,158,705 Ft",11.32,"4,479,342 Ft",10.86,"4,336,335 Ft",11.86,"4,524,258 Ft",14.45,"5,403,583 Ft",18.66,"6,418,992 Ft",,4344,62,,
12300,földön,21.23,"7,072,358 Ft",17.97,"6,349,653 Ft",13.53,"5,206,033 Ft",11.32,"4,520,437 Ft",10.86,"4,376,118 Ft",11.86,"4,565,765 Ft",14.45,"5,453,157 Ft",18.66,"6,477,882 Ft",,4344,62,,
39000,ferde,21.52,"6,601,660 Ft",18.21,"5,927,054 Ft",13.72,"4,859,547 Ft",11.48,"4,219,581 Ft",11.01,"4,084,867 Ft",12.03,"4,261,892 Ft",14.65,"5,090,224 Ft",18.92,"6,046,749 Ft",,4404,63,,
1038.3,lapos,21.52,"7,195,809 Ft",18.21,"6,460,489 Ft",13.72,"5,296,906 Ft",11.48,"4,599,343 Ft",11.01,"4,452,505 Ft",12.03,"4,645,462 Ft",14.65,"5,548,344 Ft",18.92,"6,590,957 Ft",,4404,63,,
12460,földön,21.52,"7,261,826 Ft",18.21,"6,519,760 Ft",13.72,"5,345,502 Ft",11.48,"4,641,539 Ft",11.01,"4,493,354 Ft",12.03,"4,688,081 Ft",14.65,"5,599,247 Ft",18.92,"6,651,425 Ft",,4404,63,,
39500,ferde,21.79,"6,601,660 Ft",18.45,"5,927,054 Ft",13.90,"4,859,547 Ft",11.62,"4,219,581 Ft",11.15,"4,084,867 Ft",12.18,"4,261,892 Ft",14.84,"5,090,224 Ft",19.16,"6,046,749 Ft",,4460,64,,
1051.7,lapos,21.79,"7,195,809 Ft",18.45,"6,460,489 Ft",13.90,"5,296,906 Ft",11.62,"4,599,343 Ft",11.15,"4,452,505 Ft",12.18,"4,645,462 Ft",14.84,"5,548,344 Ft",19.16,"6,590,957 Ft",,4460,64,,
12620,földön,21.79,"7,261,826 Ft",18.45,"6,519,760 Ft",13.90,"5,345,502 Ft",11.62,"4,641,539 Ft",11.15,"4,493,354 Ft",12.18,"4,688,081 Ft",14.84,"5,599,247 Ft",19.16,"6,651,425 Ft",,4460,64,,
40000,ferde,22.07,"6,601,660 Ft",18.68,"5,927,054 Ft",14.07,"4,859,547 Ft",11.77,"4,219,581 Ft",11.29,"4,084,867 Ft",12.33,"4,261,892 Ft",15.02,"5,090,224 Ft",19.40,"6,046,749 Ft",,4516,65,,
1065.0,lapos,22.07,"7,195,809 Ft",18.68,"6,460,489 Ft",14.07,"5,296,906 Ft",11.77,"4,599,343 Ft",11.29,"4,452,505 Ft",12.33,"4,645,462 Ft",15.02,"5,548,344 Ft",19.40,"6,590,957 Ft",,4516,65,,
12780,földön,22.07,"7,261,826 Ft",18.68,"6,519,760 Ft",14.07,"5,345,502 Ft",11.77,"4,641,539 Ft",11.29,"4,493,354 Ft",12.33,"4,688,081 Ft",15.02,"5,599,247 Ft",19.40,"6,651,425 Ft",,4516,65,,
40500,ferde,22.34,"6,601,660 Ft",18.91,"5,927,054 Ft",14.24,"4,859,547 Ft",11.92,"4,219,581 Ft",11.43,"4,084,867 Ft",12.49,"4,261,892 Ft",15.21,"5,090,224 Ft",19.64,"6,046,749 Ft",,4572,66,,
1078.3,lapos,22.34,"7,195,809 Ft",18.91,"6,460,489 Ft",14.24,"5,296,906 Ft",11.92,"4,599,343 Ft",11.43,"4,452,505 Ft",12.49,"4,645,462 Ft",15.21,"5,548,344 Ft",19.64,"6,590,957 Ft",,4572,66,,
12939,földön,22.34,"7,261,826 Ft",18.91,"6,519,760 Ft",14.24,"5,345,502 Ft",11.92,"4,641,539 Ft",11.43,"4,493,354 Ft",12.49,"4,688,081 Ft",15.21,"5,599,247 Ft",19.64,"6,651,425 Ft",,4572,66,,
41000,ferde,22.65,"6,946,148 Ft",19.17,"6,236,340 Ft",14.44,"5,113,128 Ft",12.08,"4,439,768 Ft",11.59,"4,298,024 Ft",12.66,"4,484,286 Ft",15.42,"5,355,843 Ft",19.91,"6,362,281 Ft",,4636,67,,
1091.6,lapos,22.65,"7,571,301 Ft",19.17,"6,797,611 Ft",14.44,"5,573,310 Ft",12.08,"4,839,346 Ft",11.59,"4,684,846 Ft",12.66,"4,887,872 Ft",15.42,"5,837,869 Ft",19.91,"6,934,887 Ft",,4636,67,,
13099,földön,22.65,"7,640,762 Ft",19.17,"6,859,974 Ft",14.44,"5,624,441 Ft",12.08,"4,883,744 Ft",11.59,"4,727,826 Ft",12.66,"4,932,714 Ft",15.42,"5,891,427 Ft",19.91,"6,998,509 Ft",,4636,67,,
41500,ferde,22.97,"6,946,148 Ft",19.44,"6,236,340 Ft",14.64,"5,113,128 Ft",12.25,"4,439,768 Ft",11.75,"4,298,024 Ft",12.84,"4,484,286 Ft",15.64,"5,355,843 Ft",20.19,"6,362,281 Ft",,4700,68,,
1104.9,lapos,22.97,"7,571,301 Ft",19.44,"6,797,611 Ft",14.64,"5,573,310 Ft",12.25,"4,839,346 Ft",11.75,"4,684,846 Ft",12.84,"4,887,872 Ft",15.64,"5,837,869 Ft",20.19,"6,934,887 Ft",,4700,68,,
13259,földön,22.97,"7,640,762 Ft",19.44,"6,859,974 Ft",14.64,"5,624,441 Ft",12.25,"4,883,744 Ft",11.75,"4,727,826 Ft",12.84,"4,932,714 Ft",15.64,"5,891,427 Ft",20.19,"6,998,509 Ft",,4700,68,,
42000,ferde,23.16,"6,946,148 Ft",19.60,"6,236,340 Ft",14.77,"5,113,128 Ft",12.35,"4,439,768 Ft",11.85,"4,298,024 Ft",12.95,"4,484,286 Ft",15.77,"5,355,843 Ft",20.36,"6,362,281 Ft",,4740,68,,
1118.2,lapos,23.16,"7,571,301 Ft",19.60,"6,797,611 Ft",14.77,"5,573,310 Ft",12.35,"4,839,346 Ft",11.85,"4,684,846 Ft",12.95,"4,887,872 Ft",15.77,"5,837,869 Ft",20.36,"6,934,887 Ft",,4740,68,,
13419,földön,23.16,"7,640,762 Ft",19.60,"6,859,974 Ft",14.77,"5,624,441 Ft",12.35,"4,883,744 Ft",11.85,"4,727,826 Ft",12.95,"4,932,714 Ft",15.77,"5,891,427 Ft",20.36,"6,998,509 Ft",,4740,68,,
42500,ferde,23.44,"6,946,148 Ft",19.84,"6,236,340 Ft",14.94,"5,113,128 Ft",12.50,"4,439,768 Ft",11.99,"4,298,024 Ft",13.10,"4,484,286 Ft",15.96,"5,355,843 Ft",20.60,"6,362,281 Ft",,4796,69,,
1131.5,lapos,23.44,"7,571,301 Ft",19.84,"6,797,611 Ft",14.94,"5,573,310 Ft",12.50,"4,839,346 Ft",11.99,"4,684,846 Ft",13.10,"4,887,872 Ft",15.96,"5,837,869 Ft",20.60,"6,934,887 Ft",,4796,69,,
13578,földön,23.44,"7,640,762 Ft",19.84,"6,859,974 Ft",14.94,"5,624,441 Ft",12.50,"4,883,744 Ft",11.99,"4,727,826 Ft",13.10,"4,932,714 Ft",15.96,"5,891,427 Ft",20.60,"6,998,509 Ft",,4796,69,,
43000,ferde,23.71,"6,951,254 Ft",20.07,"6,240,924 Ft",15.12,"5,116,886 Ft",12.65,"4,443,031 Ft",12.13,"4,301,183 Ft",13.25,"4,487,582 Ft",16.14,"5,359,779 Ft",20.84,"6,366,958 Ft",,4852,70,,
1144.8,lapos,23.71,"7,576,866 Ft",20.07,"6,802,606 Ft",15.12,"5,577,406 Ft",12.65,"4,842,903 Ft",12.13,"4,688,289 Ft",13.25,"4,891,464 Ft",16.14,"5,842,159 Ft",20.84,"6,939,983 Ft",,4852,70,,
13738,földön,23.71,"7,646,378 Ft",20.07,"6,865,016 Ft",15.12,"5,628,575 Ft",12.65,"4,887,333 Ft",12.13,"4,731,301 Ft",13.25,"4,936,340 Ft",16.14,"5,895,757 Ft",20.84,"7,003,653 Ft",,4852,70,,
43500,ferde,24.00,"6,951,254 Ft",20.32,"6,240,924 Ft",15.30,"5,116,886 Ft",12.80,"4,443,031 Ft",12.28,"4,301,183 Ft",13.42,"4,487,582 Ft",16.34,"5,359,779 Ft",21.10,"6,366,958 Ft",,4912,71,,
1158.1,lapos,24.00,"7,576,866 Ft",20.32,"6,802,606 Ft",15.30,"5,577,406 Ft",12.80,"4,842,903 Ft",12.28,"4,688,289 Ft",13.42,"4,891,464 Ft",16.34,"5,842,159 Ft",21.10,"6,939,983 Ft",,4912,71,,
13898,földön,24.00,"7,646,378 Ft",20.32,"6,865,016 Ft",15.30,"5,628,575 Ft",12.80,"4,887,333 Ft",12.28,"4,731,301 Ft",13.42,"4,936,340 Ft",16.34,"5,895,757 Ft",21.10,"7,003,653 Ft",,4912,71,,
44000,ferde,24.28,"6,951,254 Ft",20.55,"6,240,924 Ft",15.48,"5,116,886 Ft",12.95,"4,443,031 Ft",12.42,"4,301,183 Ft",13.57,"4,487,582 Ft",16.53,"5,359,779 Ft",21.34,"6,366,958 Ft",,4968,71,,
1171.5,lapos,24.28,"7,576,866 Ft",20.55,"6,802,606 Ft",15.48,"5,577,406 Ft",12.95,"4,842,903 Ft",12.42,"4,688,289 Ft",13.57,"4,891,464 Ft",16.53,"5,842,159 Ft",21.34,"6,939,983 Ft",,4968,71,,
14058,földön,24.28,"7,646,378 Ft",20.55,"6,865,016 Ft",15.48,"5,628,575 Ft",12.95,"4,887,333 Ft",12.42,"4,731,301 Ft",13.57,"4,936,340 Ft",16.53,"5,895,757 Ft",21.34,"7,003,653 Ft",,4968,71,,
44500,ferde,24.55,"7,116,811 Ft",20.78,"6,389,564 Ft",15.65,"5,238,755 Ft",13.09,"4,548,850 Ft",12.56,"4,403,624 Ft",13.72,"4,594,463 Ft",16.72,"5,487,433 Ft",21.58,"6,518,599 Ft",,5024,72,,
1184.8,lapos,24.55,"7,757,324 Ft",20.78,"6,964,624 Ft",15.65,"5,710,243 Ft",13.09,"4,958,246 Ft",12.56,"4,799,950 Ft",13.72,"5,007,964 Ft",16.72,"5,981,302 Ft",21.58,"7,105,273 Ft",,5024,72,,
14217,földön,24.55,"7,828,492 Ft",20.78,"7,028,519 Ft",15.65,"5,762,630 Ft",13.09,"5,003,735 Ft",12.56,"4,843,986 Ft",13.72,"5,053,908 Ft",16.72,"6,036,176 Ft",21.58,"7,170,458 Ft",,5024,72,,
45000,ferde,24.82,"7,116,811 Ft",21.01,"6,389,564 Ft",15.83,"5,238,755 Ft",13.24,"4,548,850 Ft",12.70,"4,403,624 Ft",13.87,"4,594,463 Ft",16.90,"5,487,433 Ft",21.82,"6,518,599 Ft",,5080,73,,
1198.1,lapos,24.82,"7,757,324 Ft",21.01,"6,964,624 Ft",15.83,"5,710,243 Ft",13.24,"4,958,246 Ft",12.70,"4,799,950 Ft",13.87,"5,007,964 Ft",16.90,"5,981,302 Ft",21.82,"7,105,273 Ft",,5080,73,,
14377,földön,24.82,"7,828,492 Ft",21.01,"7,028,519 Ft",15.83,"5,762,630 Ft",13.24,"5,003,735 Ft",12.70,"4,843,986 Ft",13.87,"5,053,908 Ft",16.90,"6,036,176 Ft",21.82,"7,170,458 Ft",,5080,73,,
45500,ferde,25.10,"7,116,811 Ft",21.24,"6,389,564 Ft",16.00,"5,238,755 Ft",13.39,"4,548,850 Ft",12.84,"4,403,624 Ft",14.03,"4,594,463 Ft",17.09,"5,487,433 Ft",22.06,"6,518,599 Ft",,5136,74,,
1211.4,lapos,25.10,"7,757,324 Ft",21.24,"6,964,624 Ft",16.00,"5,710,243 Ft",13.39,"4,958,246 Ft",12.84,"4,799,950 Ft",14.03,"5,007,964 Ft",17.09,"5,981,302 Ft",22.06,"7,105,273 Ft",,5136,74,,
14537,földön,25.10,"7,828,492 Ft",21.24,"7,028,519 Ft",16.00,"5,762,630 Ft",13.39,"5,003,735 Ft",12.84,"4,843,986 Ft",14.03,"5,053,908 Ft",17.09,"6,036,176 Ft",22.06,"7,170,458 Ft",,5136,74,,
46000,ferde,25.37,"7,116,811 Ft",21.47,"6,389,564 Ft",16.18,"5,238,755 Ft",13.53,"4,548,850 Ft",12.98,"4,403,624 Ft",14.18,"4,594,463 Ft",17.27,"5,487,433 Ft",22.30,"6,518,599 Ft",,5192,75,,
1224.7,lapos,25.37,"7,757,324 Ft",21.47,"6,964,624 Ft",16.18,"5,710,243 Ft",13.53,"4,958,246 Ft",12.98,"4,799,950 Ft",14.18,"5,007,964 Ft",17.27,"5,981,302 Ft",22.30,"7,105,273 Ft",,5192,75,,
14696,földön,25.37,"7,828,492 Ft",21.47,"7,028,519 Ft",16.18,"5,762,630 Ft",13.53,"5,003,735 Ft",12.98,"4,843,986 Ft",14.18,"5,053,908 Ft",17.27,"6,036,176 Ft",22.30,"7,170,458 Ft",,5192,75,,
46500,ferde,25.64,"7,116,811 Ft",21.71,"6,389,564 Ft",16.35,"5,238,755 Ft",13.68,"4,548,850 Ft",13.12,"4,403,624 Ft",14.33,"4,594,463 Ft",17.46,"5,487,433 Ft",22.54,"6,518,599 Ft",,5248,75,,
1238.0,lapos,25.64,"7,757,324 Ft",21.71,"6,964,624 Ft",16.35,"5,710,243 Ft",13.68,"4,958,246 Ft",13.12,"4,799,950 Ft",14.33,"5,007,964 Ft",17.46,"5,981,302 Ft",22.54,"7,105,273 Ft",,5248,75,,
14856,földön,25.64,"7,828,492 Ft",21.71,"7,028,519 Ft",16.35,"5,762,630 Ft",13.68,"5,003,735 Ft",13.12,"4,843,986 Ft",14.33,"5,053,908 Ft",17.46,"6,036,176 Ft",22.54,"7,170,458 Ft",,5248,75,,
47000,ferde,25.92,"7,282,372 Ft",21.94,"6,538,206 Ft",16.52,"5,360,626 Ft",13.82,"4,654,672 Ft",13.26,"4,506,067 Ft",14.49,"4,701,345 Ft",17.65,"5,615,089 Ft",22.78,"6,670,243 Ft",,5304,76,,
1251.3,lapos,25.92,"7,937,785 Ft",21.94,"7,126,645 Ft",16.52,"5,843,082 Ft",13.82,"5,073,592 Ft",13.26,"4,911,613 Ft",14.49,"5,124,466 Ft",17.65,"6,120,447 Ft",22.78,"7,270,565 Ft",,5304,76,,
15016,földön,25.92,"8,010,610 Ft",21.94,"7,192,027 Ft",16.52,"5,896,689 Ft",13.82,"5,120,139 Ft",13.26,"4,956,674 Ft",14.49,"5,171,480 Ft",17.65,"6,176,598 Ft",22.78,"7,337,268 Ft",,5304,76,,
47500,ferde,26.19,"7,282,372 Ft",22.17,"6,538,206 Ft",16.70,"5,360,626 Ft",13.97,"4,654,672 Ft",13.40,"4,506,067 Ft",14.64,"4,701,345 Ft",17.83,"5,615,089 Ft",23.02,"6,670,243 Ft",,5360,77,,
1264.6,lapos,26.19,"7,937,785 Ft",22.17,"7,126,645 Ft",16.70,"5,843,082 Ft",13.97,"5,073,592 Ft",13.40,"4,911,613 Ft",14.64,"5,124,466 Ft",17.83,"6,120,447 Ft",23.02,"7,270,565 Ft",,5360,77,,
15176,földön,26.19,"8,010,610 Ft",22.17,"7,192,027 Ft",16.70,"5,896,689 Ft",13.97,"5,120,139 Ft",13.40,"4,956,674 Ft",14.64,"5,171,480 Ft",17.83,"6,176,598 Ft",23.02,"7,337,268 Ft",,5360,77,,
48000,ferde,26.47,"7,282,372 Ft",22.40,"6,538,206 Ft",16.87,"5,360,626 Ft",14.12,"4,654,672 Ft",13.54,"4,506,067 Ft",14.79,"4,701,345 Ft",18.02,"5,615,089 Ft",23.26,"6,670,243 Ft",,5416,78,,
1278.0,lapos,26.47,"7,937,785 Ft",22.40,"7,126,645 Ft",16.87,"5,843,082 Ft",14.12,"5,073,592 Ft",13.54,"4,911,613 Ft",14.79,"5,124,466 Ft",18.02,"6,120,447 Ft",23.26,"7,270,565 Ft",,5416,78,,
15335,földön,26.47,"8,010,610 Ft",22.40,"7,192,027 Ft",16.87,"5,896,689 Ft",14.12,"5,120,139 Ft",13.54,"4,956,674 Ft",14.79,"5,171,480 Ft",18.02,"6,176,598 Ft",23.26,"7,337,268 Ft",,5416,78,,
48500,ferde,26.76,"7,651,500 Ft",22.65,"6,869,614 Ft",17.06,"5,632,345 Ft",14.27,"4,890,607 Ft",13.69,"4,734,470 Ft",14.96,"4,939,646 Ft",18.22,"5,899,706 Ft",23.52,"7,008,344 Ft",,5476,79,,
1291.3,lapos,26.76,"8,369,225 Ft",22.65,"7,513,997 Ft",17.06,"6,160,669 Ft",14.27,"5,349,355 Ft",13.69,"5,178,572 Ft",14.96,"5,402,994 Ft",18.22,"6,453,109 Ft",23.52,"7,665,740 Ft",,5476,79,,
15495,földön,26.76,"8,448,972 Ft",22.65,"7,585,595 Ft",17.06,"6,219,372 Ft",14.27,"5,400,327 Ft",13.69,"5,227,917 Ft",14.96,"5,454,478 Ft",18.22,"6,514,599 Ft",23.52,"7,738,784 Ft",,5476,79,,
49000,ferde,27.03,"7,651,500 Ft",22.88,"6,869,614 Ft",17.24,"5,632,345 Ft",14.42,"4,890,607 Ft",13.83,"4,734,470 Ft",15.11,"4,939,646 Ft",18.41,"5,899,706 Ft",23.76,"7,008,344 Ft",,5532,80,,
1304.6,lapos,27.03,"8,369,225 Ft",22.88,"7,513,997 Ft",17.24,"6,160,669 Ft",14.42,"5,349,355 Ft",13.83,"5,178,572 Ft",15.11,"5,402,994 Ft",18.41,"6,453,109 Ft",23.76,"7,665,740 Ft",,5532,80,,
15655,földön,27.03,"8,448,972 Ft",22.88,"7,585,595 Ft",17.24,"6,219,372 Ft",14.42,"5,400,327 Ft",13.83,"5,227,917 Ft",15.11,"5,454,478 Ft",18.41,"6,514,599 Ft",23.76,"7,738,784 Ft",,5532,80,,
49500,ferde,27.31,"7,651,500 Ft",23.11,"6,869,614 Ft",17.41,"5,632,345 Ft",14.56,"4,890,607 Ft",13.97,"4,734,470 Ft",15.26,"4,939,646 Ft",18.59,"5,899,706 Ft",24.00,"7,008,344 Ft",,5588,80,,
1317.9,lapos,27.31,"8,369,225 Ft",23.11,"7,513,997 Ft",17.41,"6,160,669 Ft",14.56,"5,349,355 Ft",13.97,"5,178,572 Ft",15.26,"5,402,994 Ft",18.59,"6,453,109 Ft",24.00,"7,665,740 Ft",,5588,80,,
15815,földön,27.31,"8,448,972 Ft",23.11,"7,585,595 Ft",17.41,"6,219,372 Ft",14.56,"5,400,327 Ft",13.97,"5,227,917 Ft",15.26,"5,454,478 Ft",18.59,"6,514,599 Ft",24.00,"7,738,784 Ft",,5588,80,,
50000,ferde,27.58,"8,138,667 Ft",23.34,"7,306,999 Ft",17.58,"5,990,953 Ft",14.71,"5,201,989 Ft",14.11,"5,035,911 Ft",15.41,"5,254,151 Ft",18.78,"6,275,337 Ft",24.24,"7,454,561 Ft",,5644,81,,
1331.2,lapos,27.58,"8,872,908 Ft",23.34,"7,966,210 Ft",17.58,"6,531,435 Ft",14.71,"5,671,294 Ft",14.11,"5,490,233 Ft",15.41,"5,728,162 Ft",18.78,"6,841,475 Ft",24.24,"8,127,085 Ft",,5644,81,,
15974,földön,27.58,"8,954,311 Ft",23.34,"8,039,294 Ft",17.58,"6,591,357 Ft",14.71,"5,723,324 Ft",14.11,"5,540,602 Ft",15.41,"5,780,714 Ft",18.78,"6,904,241 Ft",24.24,"8,201,646 Ft",,5644,81,,
